{
    "default_acceleration": "500",
    "enable_prime_tower": "0",
    "from": "User",
    "gap_infill_speed": "100",
    "inherits": "process template @Sovol SV04 0.4 nozzle",
    "initial_layer_infill_speed": "50",
    "initial_layer_print_height": "0.25",
    "initial_layer_speed": "40",
    "inner_wall_acceleration": "500",
    "inner_wall_speed": "100",
    "internal_solid_infill_speed": "80",
    "is_custom_defined": "0",
    "min_width_top_surface": "0",
    "name": "Sovol SV04 0.4n 0.2mm",
    "outer_wall_acceleration": "500",
    "outer_wall_speed": "80",
    "print_settings_id": "Sovol SV04 0.4n 0.2mm",
    "sparse_infill_speed": "100",
    "top_surface_acceleration": "500",
    "top_surface_speed": "100",
    "travel_acceleration": "500",
    "travel_speed": "200",
    "version": "1.7.0.2"
}
