{
    "adaptive_bed_mesh_margin": "0",
    "auxiliary_fan": "0",
    "bbl_use_printhost": "0",
    "bed_custom_model": "",
    "bed_custom_texture": "",
    "bed_exclude_area": [
        "0x0"
    ],
    "bed_mesh_max": "99999,99999",
    "bed_mesh_min": "-99999,-99999",
    "bed_mesh_probe_distance": "50,50",
    "before_layer_change_gcode": "",
    "best_object_pos": "0.5,0.5",
    "change_extrusion_role_gcode": "",
    "change_filament_gcode": "",
    "cooling_tube_length": "5",
    "cooling_tube_retraction": "91.5",
    "default_bed_type": "",
    "default_filament_profile": [
        "Creality Generic PLA"
    ],
    "default_print_profile": "0.20mm Standard @Creality CR10Max",
    "deretraction_speed": [
        "40",
        "40"
    ],
    "disable_m73": "0",
    "emit_machine_limits_to_gcode": "1",
    "enable_filament_ramming": "0",
    "enable_long_retraction_when_cut": "0",
    "extra_loading_move": "-2",
    "extruder_clearance_height_to_lid": "34",
    "extruder_clearance_height_to_rod": "34",
    "extruder_clearance_radius": "47",
    "extruder_colour": [
        "#FCE94F",
        "#FCE94F"
    ],
    "extruder_offset": [
        "0x0",
        "5.23x-1.2"
    ],
    "fan_kickstart": "0",
    "fan_speedup_overhangs": "1",
    "fan_speedup_time": "0",
    "from": "User",
    "gcode_flavor": "klipper",
    "head_wrap_detect_zone": [],
    "high_current_on_filament_swap": "0",
    "host_type": "octoprint",
    "inherits": "Sovol SV04 0.4 nozzle",
    "is_custom_defined": "0",
    "layer_change_gcode": "",
    "long_retractions_when_cut": [
        "0",
        "0"
    ],
    "machine_end_gcode": "END_PRINT",
    "machine_load_filament_time": "0",
    "machine_max_acceleration_e": [
        "1500",
        "5000"
    ],
    "machine_max_acceleration_extruding": [
        "500",
        "500"
    ],
    "machine_max_acceleration_retracting": [
        "500",
        "1000"
    ],
    "machine_max_acceleration_travel": [
        "500",
        "500"
    ],
    "machine_max_acceleration_x": [
        "500",
        "500"
    ],
    "machine_max_acceleration_y": [
        "500",
        "500"
    ],
    "machine_max_acceleration_z": [
        "300",
        "500"
    ],
    "machine_max_jerk_e": [
        "2.5",
        "5"
    ],
    "machine_max_jerk_x": [
        "10",
        "8"
    ],
    "machine_max_jerk_y": [
        "10",
        "8"
    ],
    "machine_max_jerk_z": [
        "0.2",
        "0.4"
    ],
    "machine_max_junction_deviation": [
        "0",
        "0"
    ],
    "machine_max_speed_e": [
        "120",
        "60"
    ],
    "machine_max_speed_x": [
        "300",
        "500"
    ],
    "machine_max_speed_y": [
        "300",
        "500"
    ],
    "machine_max_speed_z": [
        "12",
        "10"
    ],
    "machine_min_extruding_rate": [
        "0",
        "0"
    ],
    "machine_min_travel_rate": [
        "0",
        "0"
    ],
    "machine_pause_gcode": "M601 ;pause print",
    "machine_start_gcode": "M190 S0\nM109 S0\nG28 X\nSET_DUAL_CARRIAGE CARRIAGE=0 MODE=PRIMARY\nSTART_PRINT EXTRUDER=[current_extruder] EXTRUDERS=2 EXTRUDER_TEMP={first_layer_temperature[0]} EXTRUDER1_TEMP={first_layer_temperature[1]} BED_TEMP={first_layer_bed_temperature[0]} AREA_START={first_layer_print_min[0]},{first_layer_print_min[1]} AREA_END={first_layer_print_max[0]},{first_layer_print_max[1]}",
    "machine_tool_change_time": "3.5",
    "machine_unload_filament_time": "0",
    "manual_filament_change": "0",
    "max_layer_height": [
        "0.32",
        "0.32"
    ],
    "max_resonance_avoidance_speed": "120",
    "min_layer_height": [
        "0.05",
        "0.05"
    ],
    "min_resonance_avoidance_speed": "70",
    "name": "Sovol SV04 Klipper Dual 0.4 nozzle",
    "nozzle_diameter": [
        "0.4",
        "0.4"
    ],
    "nozzle_height": "2.5",
    "nozzle_hrc": "0",
    "nozzle_type": "undefine",
    "nozzle_volume": "0",
    "parking_pos_retraction": "92",
    "pellet_modded_printer": "0",
    "preferred_orientation": "0",
    "printable_area": [
        "0x0",
        "300x0",
        "300x300",
        "0x300"
    ],
    "printable_height": "400",
    "printer_model": "Sovol SV04",
    "printer_notes": "",
    "printer_settings_id": "Sovol SV04 Klipper Dual 0.4 nozzle",
    "printer_structure": "i3",
    "printer_technology": "FFF",
    "printer_variant": "0.4",
    "printhost_authorization_type": "key",
    "printhost_ssl_ignore_revoke": "0",
    "printing_by_object_gcode": "",
    "purge_in_prime_tower": "1",
    "resonance_avoidance": "0",
    "retract_before_wipe": [
        "70%",
        "70%"
    ],
    "retract_length_toolchange": [
        "2",
        "2"
    ],
    "retract_lift_above": [
        "0",
        "0"
    ],
    "retract_lift_below": [
        "0",
        "0"
    ],
    "retract_lift_enforce": [
        "All Surfaces",
        "All Surfaces"
    ],
    "retract_restart_extra": [
        "0",
        "0"
    ],
    "retract_restart_extra_toolchange": [
        "0",
        "0"
    ],
    "retract_when_changing_layer": [
        "1",
        "1"
    ],
    "retraction_distances_when_cut": [
        "18",
        "18"
    ],
    "retraction_length": [
        "2",
        "2"
    ],
    "retraction_minimum_travel": [
        "2",
        "2"
    ],
    "retraction_speed": [
        "60",
        "60"
    ],
    "scan_first_layer": "0",
    "silent_mode": "0",
    "single_extruder_multi_material": "0",
    "support_air_filtration": "0",
    "support_chamber_temp_control": "0",
    "support_multi_bed_types": "1",
    "template_custom_gcode": "",
    "thumbnails": "48x48/PNG, 300x300/PNG",
    "thumbnails_format": "PNG",
    "time_cost": "0",
    "time_lapse_gcode": "",
    "travel_slope": [
        "3",
        "3"
    ],
    "upward_compatible_machine": [],
    "use_firmware_retraction": "0",
    "use_relative_e_distances": "1",
    "version": "2.3.0.3",
    "wipe": [
        "1",
        "1"
    ],
    "wipe_distance": [
        "1",
        "1"
    ],
    "z_hop": [
        "0.4",
        "0.4"
    ],
    "z_hop_types": [
        "Normal Lift",
        "Normal Lift"
    ],
    "z_offset": "0"
}
