{
    "before_layer_change_gcode": "",
    "deretraction_speed": [
        "40",
        "40"
    ],
    "enable_filament_ramming": "0",
    "extruder_colour": [
        "#FCE94F",
        "#FCE94F"
    ],
    "extruder_offset": [
        "0x0",
        "5.23x-1.2"
    ],
    "from": "User",
    "gcode_flavor": "klipper",
    "inherits": "Sovol SV04 0.4 nozzle",
    "is_custom_defined": "0",
    "long_retractions_when_cut": [
        "0",
        "0"
    ],
    "machine_end_gcode": "END_PRINT",
    "machine_max_acceleration_e": [
        "1500",
        "5000"
    ],
    "machine_max_acceleration_retracting": [
        "500",
        "1000"
    ],
    "machine_max_acceleration_z": [
        "300",
        "500"
    ],
    "machine_max_jerk_e": [
        "2.5",
        "5"
    ],
    "machine_max_jerk_x": [
        "10",
        "8"
    ],
    "machine_max_jerk_y": [
        "10",
        "8"
    ],
    "machine_max_jerk_z": [
        "0.2",
        "0.4"
    ],
    "machine_max_speed_e": [
        "120",
        "60"
    ],
    "machine_max_speed_x": [
        "300",
        "500"
    ],
    "machine_max_speed_y": [
        "300",
        "500"
    ],
    "machine_max_speed_z": [
        "12",
        "10"
    ],
    "machine_pause_gcode": "M601 ;pause print",
    "machine_start_gcode": "M190 S0\nM109 S0\nG28 X\nSET_DUAL_CARRIAGE CARRIAGE=0 MODE=PRIMARY\nSTART_PRINT EXTRUDER=[current_extruder] EXTRUDERS=2 EXTRUDER_TEMP={first_layer_temperature[0]} EXTRUDER1_TEMP={first_layer_temperature[1]} BED_TEMP={first_layer_bed_temperature[0]} AREA_START={first_layer_print_min[0]},{first_layer_print_min[1]} AREA_END={first_layer_print_max[0]},{first_layer_print_max[1]}",
    "machine_tool_change_time": "3.5",
    "max_layer_height": [
        "0.32",
        "0.32"
    ],
    "min_layer_height": [
        "0.05",
        "0.05"
    ],
    "name": "Sovol SV04 Klipper Dual 0.4 nozzle",
    "nozzle_diameter": [
        "0.4",
        "0.4"
    ],
    "print_host": "sv04.local",
    "printable_area": [
        "0x0",
        "300x0",
        "300x300",
        "0x300"
    ],
    "printer_settings_id": "Sovol SV04 Klipper Dual 0.4 nozzle",
    "retract_before_wipe": [
        "70%",
        "70%"
    ],
    "retract_length_toolchange": [
        "2",
        "2"
    ],
    "retract_lift_above": [
        "0",
        "0"
    ],
    "retract_lift_below": [
        "0",
        "0"
    ],
    "retract_lift_enforce": [
        "All Surfaces",
        "All Surfaces"
    ],
    "retract_restart_extra": [
        "0",
        "0"
    ],
    "retract_restart_extra_toolchange": [
        "0",
        "0"
    ],
    "retract_when_changing_layer": [
        "1",
        "1"
    ],
    "retraction_distances_when_cut": [
        "18",
        "18"
    ],
    "retraction_length": [
        "2",
        "2"
    ],
    "retraction_minimum_travel": [
        "2",
        "2"
    ],
    "retraction_speed": [
        "60",
        "60"
    ],
    "single_extruder_multi_material": "0",
    "support_multi_bed_types": "1",
    "travel_slope": [
        "3",
        "3"
    ],
    "version": "2.3.0.3",
    "wipe": [
        "1",
        "1"
    ],
    "wipe_distance": [
        "1",
        "1"
    ],
    "z_hop": [
        "0.4",
        "0.4"
    ],
    "z_hop_types": [
        "Normal Lift",
        "Normal Lift"
    ]
}
