{
    "before_layer_change_gcode": "",
    "change_filament_gcode": "M600",
    "from": "User",
    "gcode_flavor": "klipper",
    "inherits": "Sovol SV04 0.4 nozzle",
    "is_custom_defined": "0",
    "machine_end_gcode": "END_PRINT",
    "machine_max_acceleration_e": [
        "1500",
        "5000"
    ],
    "machine_max_acceleration_retracting": [
        "500",
        "1000"
    ],
    "machine_max_acceleration_z": [
        "300",
        "500"
    ],
    "machine_max_jerk_e": [
        "2.5",
        "5"
    ],
    "machine_max_jerk_x": [
        "10",
        "8"
    ],
    "machine_max_jerk_y": [
        "10",
        "8"
    ],
    "machine_max_jerk_z": [
        "0.2",
        "0.4"
    ],
    "machine_max_speed_e": [
        "120",
        "60"
    ],
    "machine_max_speed_x": [
        "300",
        "500"
    ],
    "machine_max_speed_y": [
        "300",
        "500"
    ],
    "machine_max_speed_z": [
        "12",
        "10"
    ],
    "machine_pause_gcode": "M601 ;pause print",
    "machine_start_gcode": "M190 S0\nM109 S0\nSTART_PRINT EXTRUDER=[current_extruder] EXTRUDERS=1 EXTRUDER_TEMP={first_layer_temperature[0]} EXTRUDER1_TEMP={first_layer_temperature[1]} BED_TEMP={first_layer_bed_temperature[0]} AREA_START={first_layer_print_min[0]},{first_layer_print_min[1]} AREA_END={first_layer_print_max[0]},{first_layer_print_max[1]}",
    "min_layer_height": [
        "0.05"
    ],
    "name": "Sovol SV04 Klipper 0.4 nozzle",
    "print_host": "sv04.local",
    "printable_area": [
        "0x0",
        "300x0",
        "300x300",
        "0x300"
    ],
    "printer_settings_id": "Sovol SV04 Klipper 0.4 nozzle",
    "retraction_length": [
        "2"
    ],
    "single_extruder_multi_material": "0",
    "support_multi_bed_types": "1",
    "version": "2.3.0.3"
}
