{
    "compatible_printers": [
        "Sovol SV04 0.4 nozzle"
    ],
    "filament_cost": [
        "220"
    ],
    "filament_density": [
        "1.26"
    ],
    "filament_settings_id": [
        "Elegoo PLA"
    ],
    "filament_vendor": [
        "Elegoo"
    ],
    "from": "User",
    "inherits": "Generic PLA @System",
    "is_custom_defined": "0",
    "name": "Elegoo PLA",
    "nozzle_temperature": [
        "210"
    ],
    "nozzle_temperature_initial_layer": [
        "215"
    ],
    "nozzle_temperature_range_high": [
        "220"
    ],
    "version": "2.3.0.4"
}
