{
    "compatible_printers": [
        "Sovol SV04 0.4 nozzle"
    ],
    "fan_cooling_layer_time": [
        "25"
    ],
    "fan_max_speed": [
        "50"
    ],
    "filament_cost": [
        "80"
    ],
    "filament_max_volumetric_speed": [
        "20"
    ],
    "filament_settings_id": [
        "PETG Elegoo Rapid"
    ],
    "filament_shrink": [
        "99.8%"
    ],
    "filament_vendor": [
        "Elegoo"
    ],
    "from": "User",
    "hot_plate_temp": [
        "85"
    ],
    "hot_plate_temp_initial_layer": [
        "85"
    ],
    "inherits": "Generic PETG @System",
    "internal_bridge_fan_speed": [
        "100"
    ],
    "ironing_fan_speed": [
        "80"
    ],
    "is_custom_defined": "0",
    "name": "PETG Elegoo Rapid",
    "nozzle_temperature": [
        "245"
    ],
    "nozzle_temperature_initial_layer": [
        "245"
    ],
    "nozzle_temperature_range_low": [
        "230"
    ],
    "overhang_fan_speed": [
        "50"
    ],
    "reduce_fan_stop_start_freq": [
        "0"
    ],
    "supertack_plate_temp_initial_layer": [
        "75"
    ],
    "support_material_interface_fan_speed": [
        "100"
    ],
    "version": "2.3.0.4"
}
